Keyword status,Keyword,Match type,Campaign,Ad group,Status,Status reasons
Enabled,"""halal restaurant tokyo""",Phrase match,UZ — Search — Edogawa (Kamiisshiki),Ad group 1,Eligible,
Enabled,"""小岩 インド料理""",Phrase match,UZ — Search — Edogawa (Kamiisshiki),Ad group 1,Eligible,
Enabled,"""ハラル 新小岩""",Phrase match,UZ — Search — Edogawa (Kamiisshiki),Ad group 1,Eligible,
Enabled,インド料理 近く,Broad match,UZ — Search — Edogawa (Kamiisshiki),Ad group 1,Eligible,
Enabled,ハラル 近く,Broad match,UZ — Search — Edogawa (Kamiisshiki),Ad group 1,Eligible,
Enabled,"""カレー 新小岩""",Phrase match,UZ — Search — Edogawa (Kamiisshiki),Ad group 1,Eligible,
Enabled,"""デリバリー インドカレー 江戸川区""",Phrase match,UZ — Search — Edogawa (Kamiisshiki),Ad group 1,Not eligible,rarely served
Enabled,"""biryani near me""",Phrase match,UZ — Search — Edogawa (Kamiisshiki),Ad group 1,Eligible,
Enabled,"""halal biryani tokyo""",Phrase match,UZ — Search — Edogawa (Kamiisshiki),Ad group 1,Eligible,
Enabled,"""halal delivery tokyo""",Phrase match,UZ — Search — Edogawa (Kamiisshiki),Ad group 1,Eligible,
Enabled,"""kebab near me""",Phrase match,UZ — Search — Edogawa (Kamiisshiki),Ad group 1,Eligible,
Enabled,"""ランチ 小岩""",Phrase match,UZ — Search — Edogawa (Kamiisshiki),Ad group 1,Eligible,
Enabled,"""halal restaurant in edogawa""",Phrase match,UZ — Search — Edogawa (Kamiisshiki),Ad group 1,Not eligible,rarely served
Enabled,"""ケバブ 小岩""",Phrase match,UZ — Search — Edogawa (Kamiisshiki),Ad group 1,Eligible,
Enabled,"""カレー 江戸川区""",Phrase match,UZ — Search — Edogawa (Kamiisshiki),Ad group 1,Eligible,
Enabled,halal food near me,Broad match,UZ — Search — Edogawa (Kamiisshiki),Ad group 1,Eligible,
Enabled,"""ナン 小岩""",Phrase match,UZ — Search — Edogawa (Kamiisshiki),Ad group 1,Eligible,
Enabled,カレー 近く,Broad match,UZ — Search — Edogawa (Kamiisshiki),Ad group 1,Eligible,
Enabled,"""pakistani restaurant tokyo""",Phrase match,UZ — Search — Edogawa (Kamiisshiki),Ad group 1,Eligible,
Enabled,"""halal food near me""",Phrase match,UZ — Search — Edogawa (Kamiisshiki),Ad group 1,Eligible,
Enabled,"""ランチ 新小岩""",Phrase match,UZ — Search — Edogawa (Kamiisshiki),Ad group 1,Eligible,
Enabled,"""ハラル 小岩""",Phrase match,UZ — Search — Edogawa (Kamiisshiki),Ad group 1,Eligible,
Enabled,"""halal lunch tokyo""",Phrase match,UZ — Search — Edogawa (Kamiisshiki),Ad group 1,Eligible,
Enabled,"""新小岩 インド料理""",Phrase match,UZ — Search — Edogawa (Kamiisshiki),Ad group 1,Eligible,
Enabled,[zaiqa restaurant],Exact match,UZ — Search — Edogawa (Kamiisshiki),Ad group 1,Eligible,
Enabled,"""インド料理 小岩""",Phrase match,UZ — Search — Edogawa (Kamiisshiki),Ad group 1,Eligible,
Enabled,"""indian food delivery near me""",Phrase match,UZ — Search — Edogawa (Kamiisshiki),Ad group 1,Eligible,
Enabled,"""インドカレー 小岩""",Phrase match,UZ — Search — Edogawa (Kamiisshiki),Ad group 1,Eligible,
Enabled,"""indian restaurant edogawa""",Phrase match,UZ — Search — Edogawa (Kamiisshiki),Ad group 1,Eligible,
Enabled,"""halal food edogawa""",Phrase match,UZ — Search — Edogawa (Kamiisshiki),Ad group 1,Eligible,
Enabled,"""ビリヤニ 江戸川区""",Phrase match,UZ — Search — Edogawa (Kamiisshiki),Ad group 1,Eligible,
Enabled,"""新小岩 カレー""",Phrase match,UZ — Search — Edogawa (Kamiisshiki),Ad group 1,Eligible,
Enabled,"""小岩 ランチ""",Phrase match,UZ — Search — Edogawa (Kamiisshiki),Ad group 1,Eligible,
Enabled,"""小岩 カレー""",Phrase match,UZ — Search — Edogawa (Kamiisshiki),Ad group 1,Eligible,
Enabled,"""pakistani restaurant near me""",Phrase match,UZ — Search — Edogawa (Kamiisshiki),Ad group 1,Eligible,
Enabled,"""halal restaurant near me""",Phrase match,UZ — Search — Edogawa (Kamiisshiki),Ad group 1,Eligible,
Enabled,"""パキスタン料理 東京""",Phrase match,UZ — Search — Edogawa (Kamiisshiki),Ad group 1,Eligible,
Enabled,"""江戸川区 インドカレー""",Phrase match,UZ — Search — Edogawa (Kamiisshiki),Ad group 1,Eligible,
Enabled,"""ハラル 江戸川区""",Phrase match,UZ — Search — Edogawa (Kamiisshiki),Ad group 1,Not eligible,rarely served
Enabled,[urban zaika],Exact match,UZ — Search — Edogawa (Kamiisshiki),Ad group 1,Eligible,
Enabled,"""halal restaurant koiwa""",Phrase match,UZ — Search — Edogawa (Kamiisshiki),Ad group 1,Not eligible,rarely served
Enabled,"""インド料理 新小岩""",Phrase match,UZ — Search — Edogawa (Kamiisshiki),Ad group 1,Eligible,
Enabled,indian restaurant near me,Broad match,UZ — Search — Edogawa (Kamiisshiki),Ad group 1,Limited,low quality
Enabled,"""テイクアウト カレー 小岩""",Phrase match,UZ — Search — Edogawa (Kamiisshiki),Ad group 1,Eligible,
Enabled,"""curry near me""",Phrase match,UZ — Search — Edogawa (Kamiisshiki),Ad group 1,Eligible,
Enabled,"""indian restaurant near me""",Phrase match,UZ — Search — Edogawa (Kamiisshiki),Ad group 1,Limited,low quality
Enabled,"""新小岩 ランチ""",Phrase match,UZ — Search — Edogawa (Kamiisshiki),Ad group 1,Eligible,
Enabled,"""ビリヤニ 東京""",Phrase match,UZ — Search — Edogawa (Kamiisshiki),Ad group 1,Eligible,
Enabled,"""インドカレー 新小岩""",Phrase match,UZ — Search — Edogawa (Kamiisshiki),Ad group 1,Eligible,
Enabled,[zaika restaurant],Exact match,UZ — Search — Edogawa (Kamiisshiki),Ad group 1,Eligible,
Enabled,[アーバンザイカ 十条店],Exact match,UZ — Search — Kita-ku (Jujo),Ad group 1,Eligible,
Enabled,"""インドカレー 赤羽""",Phrase match,UZ — Search — Kita-ku (Jujo),Ad group 1,Eligible,
Enabled,"""十条 ランチ""",Phrase match,UZ — Search — Kita-ku (Jujo),Ad group 1,Eligible,
Enabled,"""インド料理 赤羽""",Phrase match,UZ — Search — Kita-ku (Jujo),Ad group 1,Eligible,
Enabled,"""カレー屋 十条""",Phrase match,UZ — Search — Kita-ku (Jujo),Ad group 1,Eligible,
Enabled,"""biryani near me""",Phrase match,UZ — Search — Kita-ku (Jujo),Ad group 1,Eligible,
Enabled,"""ビリヤニ 北区""",Phrase match,UZ — Search — Kita-ku (Jujo),Ad group 1,Eligible,
Enabled,"""テイクアウト 十条""",Phrase match,UZ — Search — Kita-ku (Jujo),Ad group 1,Eligible,
Enabled,"""curry near me""",Phrase match,UZ — Search — Kita-ku (Jujo),Ad group 1,Eligible,
Enabled,"""halal restaurant near me""",Phrase match,UZ — Search — Kita-ku (Jujo),Ad group 1,Eligible,
Enabled,カレー 近く,Broad match,UZ — Search — Kita-ku (Jujo),Ad group 1,Eligible,
Enabled,"""ランチ 東十条""",Phrase match,UZ — Search — Kita-ku (Jujo),Ad group 1,Eligible,
Enabled,"""halal food near me""",Phrase match,UZ — Search — Kita-ku (Jujo),Ad group 1,Eligible,
Enabled,"""テイクアウト カレー 十条""",Phrase match,UZ — Search — Kita-ku (Jujo),Ad group 1,Not eligible,rarely served
Enabled,"""カレー 十条""",Phrase match,UZ — Search — Kita-ku (Jujo),Ad group 1,Eligible,
Enabled,"""インドカレー 北区""",Phrase match,UZ — Search — Kita-ku (Jujo),Ad group 1,Eligible,
Enabled,"""ネパール料理 十条""",Phrase match,UZ — Search — Kita-ku (Jujo),Ad group 1,Eligible,
Enabled,"""ビリヤニ 十条""",Phrase match,UZ — Search — Kita-ku (Jujo),Ad group 1,Eligible,
Enabled,"""ナン カレー 十条""",Phrase match,UZ — Search — Kita-ku (Jujo),Ad group 1,Not eligible,rarely served
Enabled,"""インド料理 北区""",Phrase match,UZ — Search — Kita-ku (Jujo),Ad group 1,Eligible,
Enabled,"""デリバリー カレー 北区""",Phrase match,UZ — Search — Kita-ku (Jujo),Ad group 1,Not eligible,rarely served
Enabled,"""nepali restaurant near me""",Phrase match,UZ — Search — Kita-ku (Jujo),Ad group 1,Eligible,
Enabled,インドカレー 近く,Broad match,UZ — Search — Kita-ku (Jujo),Ad group 1,Eligible,
Enabled,"""indian restaurant near me""",Phrase match,UZ — Search — Kita-ku (Jujo),Ad group 1,Eligible,
Enabled,"""カレー 板橋本町""",Phrase match,UZ — Search — Kita-ku (Jujo),Ad group 1,Eligible,
Enabled,インド料理 近く,Broad match,UZ — Search — Kita-ku (Jujo),Ad group 1,Eligible,
Enabled,"""インド料理 十条""",Phrase match,UZ — Search — Kita-ku (Jujo),Ad group 1,Eligible,
Enabled,"""ハラル 十条""",Phrase match,UZ — Search — Kita-ku (Jujo),Ad group 1,Eligible,
Enabled,"""インドカレー 東十条""",Phrase match,UZ — Search — Kita-ku (Jujo),Ad group 1,Eligible,
Enabled,ハラル 近く,Broad match,UZ — Search — Kita-ku (Jujo),Ad group 1,Eligible,
Enabled,"""インドカレー 十条""",Phrase match,UZ — Search — Kita-ku (Jujo),Ad group 1,Eligible,
Enabled,"""インドカレー 王子""",Phrase match,UZ — Search — Kita-ku (Jujo),Ad group 1,Eligible,
Enabled,"""カレー 東十条""",Phrase match,UZ — Search — Kita-ku (Jujo),Ad group 1,Eligible,
Enabled,ビリヤニ 近く,Broad match,UZ — Search — Kita-ku (Jujo),Ad group 1,Eligible,
